{
  "train_loss": [
    0.8682191822263929
  ],
  "val_loss": [
    4.84204638004303
  ],
  "train_dice": [
    0.6784826993942261
  ],
  "val_dice": [
    0.48477796216805774
  ]
}